title,category,food_cost,ingredients,price,description,image_url,is_available,created_at,updated_at
Truffle Parmesan Fries,appetizer,0.0,"[{""category"": ""Nguyên liệu chính"", ""items"": [{""name"": ""Khoai tây sợi"", ""quantity"": 250, ""unit"": ""g"", ""notes"": ""Chiên giòn""}]}, {""category"": ""Gia vị tạo hương"", ""items"": [{""name"": ""Dầu nấm Truffle"", ""quantity"": 10, ""unit"": ""ml"", ""notes"": ""Trộn đều khi khoai còn nóng""}, {""name"": ""Phô mai Parmesan"", ""quantity"": 20, ""unit"": ""g"", ""notes"": ""Bào nhuyễn rắc lên trên""}, {""name"": ""Ngò tây (Parsley)"", ""quantity"": 5, ""unit"": ""g"", ""notes"": ""Băm nhuyễn""}, {""name"": ""Muối biển"", ""quantity"": 3, ""unit"": ""g"", ""notes"": ""Tùy khẩu vị""}]}]",89000,Khoai tây chiên sốt Truffle Parmesan,,True,2026-08-22T15:26:23.074817+07:00,2026-08-22T15:26:23.074817+07:00
Crispy Chicken Karaage,appetizer,0.0,"[{""category"": ""Thịt"", ""items"": [{""name"": ""Má đùi gà rút xương"", ""quantity"": 200, ""unit"": ""g"", ""notes"": ""Cắt miếng vừa ăn""}]}, {""category"": ""Gia vị ướp"", ""items"": [{""name"": ""Nước tương Nhật (Shoyu)"", ""quantity"": 15, ""unit"": ""ml"", ""notes"": """"}, {""name"": ""Sake nấu ăn"", ""quantity"": 10, ""unit"": ""ml"", ""notes"": """"}, {""name"": ""Gừng băm"", ""quantity"": 5, ""unit"": ""g"", ""notes"": """"}, {""name"": ""Tỏi băm"", ""quantity"": 5, ""unit"": ""g"", ""notes"": """"}]}, {""category"": ""Phủ ngoài & Ăn kèm"", ""items"": [{""name"": ""Bột khoai tây (Katakuriko)"", ""quantity"": 50, ""unit"": ""g"", ""notes"": ""Áo đều miếng gà""}, {""name"": ""Chanh vàng"", ""quantity"": 1, ""unit"": ""miếng"", ""notes"": ""Vắt lấy nước khi ăn""}, {""name"": ""Sốt Mayonnaise"", ""quantity"": 30, ""unit"": ""g"", ""notes"": ""Chấm kèm""}]}]",99000,Gà chiên giòn kiểu Nhật,,True,2026-08-22T15:26:23.074817+07:00,2026-08-22T15:26:23.074817+07:00
Beef Carpaccio,appetizer,0.0,"[{""category"": ""Thịt"", ""items"": [{""name"": ""Thăn nội bò (Tenderloin)"", ""quantity"": 120, ""unit"": ""g"", ""notes"": ""Thái lát cực mỏng, ướp lạnh""}]}, {""category"": ""Gia vị & Sốt"", ""items"": [{""name"": ""Sốt chanh dây"", ""quantity"": 30, ""unit"": ""ml"", ""notes"": ""Rưới đều lên thịt""}, {""name"": ""Dầu oliu Extra Virgin"", ""quantity"": 10, ""unit"": ""ml"", ""notes"": """"}, {""name"": ""Nụ bạch hoa (Capers)"", ""quantity"": 10, ""unit"": ""g"", ""notes"": """"}]}, {""category"": ""Trang trí"", ""items"": [{""name"": ""Phô mai Parmesan"", ""quantity"": 15, ""unit"": ""g"", ""notes"": ""Bào lát mỏng""}, {""name"": ""Rau Arugula (Rocket)"", ""quantity"": 20, ""unit"": ""g"", ""notes"": ""Đặt ở giữa""}]}]",129000,Bò tái lát mỏng sốt chanh dây,,True,2026-08-22T15:26:23.074817+07:00,2026-08-22T15:26:23.074817+07:00
Burrata Salad,appetizer,0.0,"[{""category"": ""Nguyên liệu chính"", ""items"": [{""name"": ""Phô mai Burrata tươi"", ""quantity"": 1, ""unit"": ""viên"", ""notes"": ""Cỡ trung (khoảng 100-125g)""}, {""name"": ""Cà chua bi (Cherry tomato)"", ""quantity"": 100, ""unit"": ""g"", ""notes"": ""Cắt đôi""}]}, {""category"": ""Gia vị nêm nếm"", ""items"": [{""name"": ""Sốt Pesto húng quế"", ""quantity"": 30, ""unit"": ""g"", ""notes"": ""Rưới xung quanh""}, {""name"": ""Dấm Balsamic đun đặc"", ""quantity"": 10, ""unit"": ""ml"", ""notes"": """"}, {""name"": ""Dầu oliu Extra Virgin"", ""quantity"": 15, ""unit"": ""ml"", ""notes"": """"}, {""name"": ""Muối tiêu"", ""quantity"": null, ""unit"": ""tùy khẩu vị"", ""notes"": """"}]}]",139000,Phô mai Burrata với cà chua bi và pesto,,True,2026-08-22T15:26:23.074817+07:00,2026-08-22T15:26:23.074817+07:00
Spicy Tuna Tartare,appetizer,0.0,"[{""category"": ""Nguyên liệu chính"", ""items"": [{""name"": ""Cá ngừ vây vàng (Saku)"", ""quantity"": 100, ""unit"": ""g"", ""notes"": ""Cắt hạt lựu nhỏ""}, {""name"": ""Quả bơ"", ""quantity"": 50, ""unit"": ""g"", ""notes"": ""Cắt hạt lựu""}]}, {""category"": ""Gia vị"", ""items"": [{""name"": ""Sốt Mayo cay (Sriracha Mayo)"", ""quantity"": 20, ""unit"": ""g"", ""notes"": ""Trộn với cá ngừ""}, {""name"": ""Hành lá"", ""quantity"": 5, ""unit"": ""g"", ""notes"": ""Thái nhỏ""}, {""name"": ""Dầu mè"", ""quantity"": 5, ""unit"": ""ml"", ""notes"": """"}]}, {""category"": ""Ăn kèm"", ""items"": [{""name"": ""Bánh mì Baguette (Crostini)"", ""quantity"": 4, ""unit"": ""lát"", ""notes"": ""Nướng giòn, phết tỏi""}]}]",139000,Cá ngừ cay trên bánh crostini,,True,2026-08-22T15:26:23.074817+07:00,2026-08-22T15:26:23.074817+07:00
Grilled Octopus,appetizer,0.0,"[{""category"": ""Hải sản"", ""items"": [{""name"": ""Vòi bạch tuộc lớn"", ""quantity"": 150, ""unit"": ""g"", ""notes"": ""Luộc chậm (sous-vide) sau đó nướng xém""}]}, {""category"": ""Gia vị"", ""items"": [{""name"": ""Bột ớt Smoked Paprika"", ""quantity"": 5, ""unit"": ""g"", ""notes"": ""Tạo màu và hương khói""}, {""name"": ""Tỏi băm"", ""quantity"": 5, ""unit"": ""g"", ""notes"": """"}, {""name"": ""Dầu oliu"", ""quantity"": 15, ""unit"": ""ml"", ""notes"": """"}]}, {""category"": ""Ăn kèm"", ""items"": [{""name"": ""Khoai tây nghiền/nướng"", ""quantity"": 100, ""unit"": ""g"", ""notes"": ""Làm nền""}, {""name"": ""Chanh vàng"", ""quantity"": 1, ""unit"": ""lát"", ""notes"": """"}]}]",159000,Bạch tuộc nướng sốt ớt smoked paprika,,True,2026-08-22T15:26:23.074817+07:00,2026-08-22T15:26:23.074817+07:00
Black Pepper Steak,main_course,0.0,"[{""category"": ""Thịt"", ""items"": [{""name"": ""Thăn lưng bò Úc (Striploin)"", ""quantity"": 250, ""unit"": ""g"", ""notes"": ""Áp chảo độ chín tùy chọn (Medium Rare khuyến nghị)""}]}, {""category"": ""Gia vị & Sốt"", ""items"": [{""name"": ""Sốt tiêu đen đậm đặc"", ""quantity"": 50, ""unit"": ""ml"", ""notes"": ""Nấu từ nước dùng bò và tiêu sọ""}, {""name"": ""Muối tiêu, lá hương thảo"", ""quantity"": null, ""unit"": ""tùy chỉnh"", ""notes"": ""Dùng khi áp chảo""}]}, {""category"": ""Ăn kèm"", ""items"": [{""name"": ""Khoai tây nghiền (Mashed potato)"", ""quantity"": 120, ""unit"": ""g"", ""notes"": ""Béo mịn""}, {""name"": ""Măng tây nướng"", ""quantity"": 50, ""unit"": ""g"", ""notes"": """"}]}]",299000,"Bò Úc áp chảo sốt tiêu đen, khoai nghiền",,True,2026-08-22T15:26:23.074817+07:00,2026-08-22T15:26:23.074817+07:00
Miso Salmon,main_course,0.0,"[{""category"": ""Hải sản"", ""items"": [{""name"": ""Cá hồi phi lê"", ""quantity"": 180, ""unit"": ""g"", ""notes"": ""Giữ da, áp chảo giòn da""}]}, {""category"": ""Gia vị"", ""items"": [{""name"": ""Tương Miso"", ""quantity"": 20, ""unit"": ""g"", ""notes"": ""Làm sốt ướp/rưới""}, {""name"": ""Mirin & Sake"", ""quantity"": 15, ""unit"": ""ml"", ""notes"": ""Trộn cùng Miso""}]}, {""category"": ""Ăn kèm"", ""items"": [{""name"": ""Rau củ nướng (Cà rốt, bí ngòi)"", ""quantity"": 100, ""unit"": ""g"", ""notes"": ""Cắt khúc nướng""}, {""name"": ""Chanh vàng"", ""quantity"": 1, ""unit"": ""miếng"", ""notes"": """"}]}]",259000,"Cá hồi áp chảo sốt miso, rau củ nướng",,True,2026-08-22T15:26:23.074817+07:00,2026-08-22T15:26:23.074817+07:00
Creamy Truffle Pasta,main_course,0.0,"[{""category"": ""Nguyên liệu chính"", ""items"": [{""name"": ""Mì Ý (Spaghetti / Fettuccine)"", ""quantity"": 120, ""unit"": ""g"", ""notes"": ""Luộc Al dente""}, {""name"": ""Thịt xông khói (Bacon/Pancetta)"", ""quantity"": 40, ""unit"": ""g"", ""notes"": ""Cắt nhỏ, xào áp chảo""}]}, {""category"": ""Nước sốt"", ""items"": [{""name"": ""Whipping Cream"", ""quantity"": 80, ""unit"": ""ml"", ""notes"": """"}, {""name"": ""Sốt nấm Truffle đen"", ""quantity"": 15, ""unit"": ""g"", ""notes"": """"}, {""name"": ""Nước luộc mì"", ""quantity"": 30, ""unit"": ""ml"", ""notes"": ""Giúp sốt sánh""}, {""name"": ""Phô mai Parmesan"", ""quantity"": 20, ""unit"": ""g"", ""notes"": ""Tạo độ sệt""}]}]",189000,"Mì Ý sốt kem nấm Truffle, thịt xông khói",,True,2026-08-22T15:26:23.074817+07:00,2026-08-22T15:26:23.074817+07:00
Seafood Tom Yum Pasta,main_course,0.0,"[{""category"": ""Nguyên liệu chính"", ""items"": [{""name"": ""Mì Ý (Spaghetti)"", ""quantity"": 120, ""unit"": ""g"", ""notes"": ""Luộc Al dente""}, {""name"": ""Tôm sú"", ""quantity"": 3, ""unit"": ""con"", ""notes"": ""Bóc vỏ chừa đuôi""}, {""name"": ""Mực ống"", ""quantity"": 50, ""unit"": ""g"", ""notes"": ""Cắt khoanh""}, {""name"": ""Vẹm xanh"", ""quantity"": 2, ""unit"": ""con"", ""notes"": ""Rửa sạch""}]}, {""category"": ""Nước sốt"", ""items"": [{""name"": ""Sốt gia vị Tom Yum"", ""quantity"": 30, ""unit"": ""g"", ""notes"": """"}, {""name"": ""Nước cốt dừa"", ""quantity"": 40, ""unit"": ""ml"", ""notes"": ""Tạo độ béo""}, {""name"": ""Sả, lá chanh Thái, ớt"", ""quantity"": 10, ""unit"": ""g"", ""notes"": ""Tạo mùi""}]}]",209000,Mì Ý hải sản sốt Tom Yum,,True,2026-08-22T15:26:23.074817+07:00,2026-08-22T15:26:23.074817+07:00
Lemongrass Chicken,main_course,0.0,"[{""category"": ""Thịt"", ""items"": [{""name"": ""Đùi gà góc tư rút xương"", ""quantity"": 220, ""unit"": ""g"", ""notes"": ""Ướp sả ớt, nướng than""}]}, {""category"": ""Gia vị ướp"", ""items"": [{""name"": ""Sả băm"", ""quantity"": 20, ""unit"": ""g"", ""notes"": """"}, {""name"": ""Ớt băm"", ""quantity"": 10, ""unit"": ""g"", ""notes"": """"}, {""name"": ""Nước mắm, đường, hành tím"", ""quantity"": null, ""unit"": ""tùy chỉnh"", ""notes"": """"}]}, {""category"": ""Ăn kèm"", ""items"": [{""name"": ""Cơm nấu nước cốt dừa"", ""quantity"": 1, ""unit"": ""chén"", ""notes"": ""Nấu dẻo, béo thơm""}, {""name"": ""Sốt chấm chua ngọt Thái"", ""quantity"": 30, ""unit"": ""ml"", ""notes"": ""Chấm gà""}]}]",189000,"Gà nướng sả ớt, cơm dừa, sốt chấm Thái",,True,2026-08-22T15:26:23.074817+07:00,2026-08-22T15:26:23.074817+07:00
Wagyu Beef Bowl,main_course,0.0,"[{""category"": ""Nguyên liệu chính"", ""items"": [{""name"": ""Thịt bò Wagyu (cắt lát/thái hạt lựu)"", ""quantity"": 150, ""unit"": ""g"", ""notes"": ""Áp chảo nhanh""}, {""name"": ""Cơm trắng (Gạo Nhật)"", ""quantity"": 1, ""unit"": ""tô lớn"", ""notes"": ""Cơm dẻo""}]}, {""category"": ""Gia vị & Ăn kèm"", ""items"": [{""name"": ""Sốt Teriyaki"", ""quantity"": 40, ""unit"": ""ml"", ""notes"": ""Đun keo lại rưới lên thịt""}, {""name"": ""Trứng Onsen (lòng đào)"", ""quantity"": 1, ""unit"": ""quả"", ""notes"": ""Đặt giữa tô""}, {""name"": ""Hành lá băm, mè rang"", ""quantity"": 5, ""unit"": ""g"", ""notes"": ""Rắc trang trí""}]}]",199000,"Cơm bò Wagyu sốt Teriyaki, trứng onsen",,True,2026-08-22T15:26:23.074817+07:00,2026-08-22T15:26:23.074817+07:00
Sticky BBQ Ribs,sharing_plate,0.0,"[{""category"": ""Thịt"", ""items"": [{""name"": ""Sườn non heo"", ""quantity"": 400, ""unit"": ""g"", ""notes"": ""Hầm mềm sau đó nướng xém mặt""}]}, {""category"": ""Gia vị"", ""items"": [{""name"": ""Sốt BBQ đậm đặc"", ""quantity"": 60, ""unit"": ""ml"", ""notes"": ""Phết nhiều lớp khi nướng""}, {""name"": ""Mật ong"", ""quantity"": 20, ""unit"": ""ml"", ""notes"": ""Tạo độ kẹo và bóng""}, {""name"": ""Tỏi bột, hành bột, ớt bột"", ""quantity"": 10, ""unit"": ""g"", ""notes"": ""Ướp sườn ban đầu""}]}, {""category"": ""Ăn kèm"", ""items"": [{""name"": ""Khoai tây chiên hoặc xà lách trộn"", ""quantity"": 100, ""unit"": ""g"", ""notes"": """"}]}]",259000,Sườn heo nướng sốt BBQ mật ong,,True,2026-08-22T15:26:23.074817+07:00,2026-08-22T15:26:23.074817+07:00
Korean Fried Chicken,sharing_plate,0.0,"[{""category"": ""Thịt"", ""items"": [{""name"": ""Cánh gà hoặc má đùi"", ""quantity"": 300, ""unit"": ""g"", ""notes"": ""Áo bột chiên giòn 2 lần""}]}, {""category"": ""Sốt áo"", ""items"": [{""name"": ""Tương ớt Gochujang"", ""quantity"": 30, ""unit"": ""g"", ""notes"": """"}, {""name"": ""Mạch nha / Đường ngô"", ""quantity"": 20, ""unit"": ""ml"", ""notes"": ""Tạo độ dẻo bóng""}, {""name"": ""Tương cà, tỏi băm, xì dầu"", ""quantity"": null, ""unit"": ""tùy chỉnh"", ""notes"": ""Nấu sôi làm sốt cay ngọt""}]}, {""category"": ""Trang trí"", ""items"": [{""name"": ""Mè trắng rang"", ""quantity"": 5, ""unit"": ""g"", ""notes"": ""Rắc lên trên""}]}]",179000,Gà rán sốt Gochujang,,True,2026-08-22T15:26:23.074817+07:00,2026-08-22T15:26:23.074817+07:00
Seafood Tower,sharing_plate,0.0,"[{""category"": ""Hải sản (Định lượng cho tháp)"", ""items"": [{""name"": ""Tôm hùm đất / Tôm càng"", ""quantity"": 200, ""unit"": ""g"", ""notes"": """"}, {""name"": ""Cua / Ghẹ"", ""quantity"": 1, ""unit"": ""con"", ""notes"": """"}, {""name"": ""Vẹm xanh"", ""quantity"": 150, ""unit"": ""g"", ""notes"": """"}, {""name"": ""Nghêu ngao"", ""quantity"": 200, ""unit"": ""g"", ""notes"": """"}]}, {""category"": ""Nước sốt"", ""items"": [{""name"": ""Sốt Cajun bơ tỏi"", ""quantity"": 150, ""unit"": ""ml"", ""notes"": ""Cay nhẹ, thơm mùi bơ và lá oregano""}]}, {""category"": ""Ăn kèm"", ""items"": [{""name"": ""Bắp mỹ, khoai tây bi"", ""quantity"": 150, ""unit"": ""g"", ""notes"": ""Luộc chín trộn cùng sốt""}, {""name"": ""Bánh mì"", ""quantity"": 1, ""unit"": ""ổ"", ""notes"": ""Chấm nước sốt""}]}]",349000,Tháp hải sản sốt Cajun,,True,2026-08-22T15:26:23.074817+07:00,2026-08-22T15:26:23.074817+07:00
Premium Mixed Grill,sharing_plate,0.0,"[{""category"": ""Các loại thịt"", ""items"": [{""name"": ""Thăn bò Úc"", ""quantity"": 150, ""unit"": ""g"", ""notes"": """"}, {""name"": ""Sườn cừu nướng"", ""quantity"": 2, ""unit"": ""cây"", ""notes"": """"}, {""name"": ""Xúc xích Bratwurst"", ""quantity"": 1, ""unit"": ""cây"", ""notes"": """"}, {""name"": ""Thịt ức gà"", ""quantity"": 100, ""unit"": ""g"", ""notes"": """"}]}, {""category"": ""Ăn kèm & Sốt"", ""items"": [{""name"": ""Rau củ nướng tổng hợp"", ""quantity"": 150, ""unit"": ""g"", ""notes"": """"}, {""name"": ""Sốt tiêu đen & Sốt nấm"", ""quantity"": 50, ""unit"": ""ml"", ""notes"": ""Dùng kèm 2 loại sốt""}, {""name"": ""Khoai tây múi cau"", ""quantity"": 100, ""unit"": ""g"", ""notes"": """"}]}]",499000,Tổng hợp thịt nướng cao cấp,,True,2026-08-22T15:26:23.074817+07:00,2026-08-22T15:26:23.074817+07:00
Basque Cheesecake,dessert,0.0,"[{""category"": ""Thành phần bánh"", ""items"": [{""name"": ""Cream cheese"", ""quantity"": 100, ""unit"": ""g"", ""notes"": ""Đánh mịn""}, {""name"": ""Whipping cream"", ""quantity"": 50, ""unit"": ""ml"", ""notes"": """"}, {""name"": ""Đường cát"", ""quantity"": 30, ""unit"": ""g"", ""notes"": """"}, {""name"": ""Trứng gà"", ""quantity"": 1, ""unit"": ""quả"", ""notes"": """"}]}, {""category"": ""Đặc trưng"", ""items"": [{""name"": ""Mặt bánh"", ""quantity"": null, ""unit"": ""N/A"", ""notes"": ""Nướng cháy xém tự nhiên tạo hương Caramel""}]}]",89000,,,True,2026-08-22T15:26:23.074817+07:00,2026-08-22T15:26:23.074817+07:00
Tiramisu,dessert,0.0,"[{""category"": ""Phần kem"", ""items"": [{""name"": ""Phô mai Mascarpone"", ""quantity"": 50, ""unit"": ""g"", ""notes"": """"}, {""name"": ""Kem tươi (Whipping)"", ""quantity"": 50, ""unit"": ""ml"", ""notes"": """"}, {""name"": ""Lòng đỏ trứng, đường"", ""quantity"": null, ""unit"": ""tùy chỉnh"", ""notes"": ""Đánh cách thủy""}]}, {""category"": ""Phần cốt bánh"", ""items"": [{""name"": ""Bánh sâm panh (Ladyfingers)"", ""quantity"": 3, ""unit"": ""cái"", ""notes"": """"}, {""name"": ""Cà phê Espresso"", ""quantity"": 30, ""unit"": ""ml"", ""notes"": ""Nhúng bánh""}, {""name"": ""Rượu Rhum/Kahlua"", ""quantity"": 5, ""unit"": ""ml"", ""notes"": """"}]}, {""category"": ""Trang trí"", ""items"": [{""name"": ""Bột Cacao không đường"", ""quantity"": 5, ""unit"": ""g"", ""notes"": ""Rắc phủ bề mặt""}]}]",89000,,,True,2026-08-22T15:26:23.074817+07:00,2026-08-22T15:26:23.074817+07:00
Chocolate Lava Cake,dessert,0.0,"[{""category"": ""Phần bánh"", ""items"": [{""name"": ""Chocolate đen (55-70%)"", ""quantity"": 50, ""unit"": ""g"", ""notes"": ""Đun chảy""}, {""name"": ""Bơ nhạt"", ""quantity"": 40, ""unit"": ""g"", ""notes"": """"}, {""name"": ""Trứng gà"", ""quantity"": 1, ""unit"": ""quả"", ""notes"": """"}, {""name"": ""Bột mì, đường"", ""quantity"": 20, ""unit"": ""g"", ""notes"": """"}]}, {""category"": ""Ăn kèm"", ""items"": [{""name"": ""Kem Vanilla"", ""quantity"": 1, ""unit"": ""viên"", ""notes"": ""Đặt cạnh bánh nóng""}, {""name"": ""Trái cây tươi (Dâu tây)"", ""quantity"": 2, ""unit"": ""quả"", ""notes"": """"}]}]",99000,,,True,2026-08-22T15:26:23.074817+07:00,2026-08-22T15:26:23.074817+07:00
Panna Cotta Berry,dessert,0.0,"[{""category"": ""Phần kem"", ""items"": [{""name"": ""Whipping Cream"", ""quantity"": 60, ""unit"": ""ml"", ""notes"": """"}, {""name"": ""Sữa tươi không đường"", ""quantity"": 40, ""unit"": ""ml"", ""notes"": """"}, {""name"": ""Gelatin"", ""quantity"": 3, ""unit"": ""g"", ""notes"": ""Đông đặc""}, {""name"": ""Đường, Vanilla"", ""quantity"": 10, ""unit"": ""g"", ""notes"": """"}]}, {""category"": ""Sốt trái cây (Berry Compote)"", ""items"": [{""name"": ""Quả mọng (Dâu, Mâm xôi, Việt quất)"", ""quantity"": 30, ""unit"": ""g"", ""notes"": ""Nấu chảy với đường""}, {""name"": ""Lá bạc hà"", ""quantity"": 1, ""unit"": ""nhánh"", ""notes"": ""Trang trí""}]}]",79000,,,True,2026-08-22T15:26:23.074817+07:00,2026-08-22T15:26:23.074817+07:00
Matcha Tiramisu,dessert,0.0,"[{""category"": ""Phần kem"", ""items"": [{""name"": ""Phô mai Mascarpone"", ""quantity"": 50, ""unit"": ""g"", ""notes"": """"}, {""name"": ""Whipping Cream"", ""quantity"": 50, ""unit"": ""ml"", ""notes"": """"}, {""name"": ""Bột Matcha Nhật Bản"", ""quantity"": 5, ""unit"": ""g"", ""notes"": ""Pha vào kem""}]}, {""category"": ""Phần cốt bánh"", ""items"": [{""name"": ""Bánh Ladyfingers"", ""quantity"": 3, ""unit"": ""cái"", ""notes"": ""Nhúng vào syrup trà xanh thay vì cà phê""}]}, {""category"": ""Trang trí"", ""items"": [{""name"": ""Bột Matcha"", ""quantity"": 3, ""unit"": ""g"", ""notes"": ""Rắc phủ bề mặt""}]}]",89000,,,True,2026-08-22T15:26:23.074817+07:00,2026-08-22T15:26:23.074817+07:00
